orszagok,ev,fr_ferfi,fr_no,koktatas_ferfi,gyerekek_szama,onfoglal_ferfi,havi_jovedelem,gdp,exp,koktatas_no,onfoglal_no,sza
Ausztria,2012,79.3,69.6,87.7,1.7,280.1,4098.6,46457.3457770311,171988.8,78.2,152.4,14.4
Ausztria,2013,79.1,70,87.4,1.7,283.4,4329,47922.0491207455,173101.8,78.6,158.1,14.4
Ausztria,2014,78.3,70.1,88,1.7,282,4428.4,48799.7154676985,177855.3,79.8,157,14.1
Ausztria,2015,78.4,70.2,88.7,1.7,285.1,3782.6,49865.9039424185,182769.3,80.7,161,13.9
Ausztria,2016,78.7,70.9,88.2,1.7,288.9,3862.9,52684.0171130768,187409.4,80.8,158.2,14.1
Ausztria,2017,79.4,71.4,88.3,1.7,285.4,4003.6,54172.9867888254,199644.4,81.7,156.4,14.4
Ausztria,2018,80.7,71.7,88.7,1.7,281.7,4294.2,56960.0914258929,213681.6,81.9,156.4,14.3
Ausztria,2019,81.2,72.4,88.4,1.7,292.6,4176.2,58076.348801448,220393.1,82.7,162.2,13.3
Ausztria,2020,79,70.6,88.2,1.7,283.7,4253.5,55683.8408238588,195103.6,83.1,157.9,13.9
Belgium,2012,72.7,61.7,70.7,1.8,400.1,4488.8,42290.7620520019,310501.8,72.6,182.4,15.3
Belgium,2013,72.3,62.1,71.7,1.8,429.6,4735,43671.11959259,311649.5,73.8,185.3,15.1
Belgium,2014,71.6,62.9,72.4,1.8,402.4,4793,44929.685593416,321600.7,74.7,191.1,15.5
Belgium,2015,71.3,63,73.6,1.8,420.3,4013.4,46200.904454307,324215.7,75.8,198.7,14.9
Belgium,2016,72.3,63,74.3,1.8,420.2,4071.1,48597.3999826201,341615.1,75.9,192.9,15.5
Belgium,2017,73.4,63.6,75.9,1.8,400.7,4197.9,50442.2705419624,370203.4,77.7,196.7,15.9
Belgium,2018,73.9,65.5,77.4,1.8,392.5,4509.3,52528.1185388814,381989.4,79.1,200.7,16.4
Belgium,2019,74.5,66.5,77.2,1.8,406.8,4379.6,54269.5140327442,392988.7,80.2,206.4,14.8
Belgium,2020,73.7,65.6,78.3,1.8,422.9,4352.7,53034.961003118,365577.2,81.3,209.5,14.1
Bulgaria,2012,65,59.8,81,1.4,200.2,483.5,16327.8726078533,25503.6,81,103.1,21.2
Bulgaria,2013,65.6,60.2,81.6,1.4,214.8,526,16647.0063974042,27156.7,82,109.2,21
Bulgaria,2014,67.3,61.5,80.4,1.5,224.3,554.3,17616.913178474,27795.2,81.8,111.6,21.8
Bulgaria,2015,69.6,63.3,81.2,1.5,221.7,497.8,18391.9274727456,29228.3,82.5,107.8,22
Bulgaria,2016,70.4,63.6,81.7,1.5,211,536.3,20074.3762957132,31151.6,82.8,108.2,22.9
Bulgaria,2017,74.4,66.8,82.3,1.5,220.8,597.8,21469.9454411605,35193.1,83.3,109.6,23.4
Bulgaria,2018,75.5,67.8,82,1.5,219.4,691.8,22990.1054861125,36937.3,83.2,104.3,22
Bulgaria,2019,78.3,70.2,82.1,1.5,208.5,725.4,24523.7922886874,39356.7,82.9,100.5,22.6
Bulgaria,2020,76.8,68.5,82.7,1.4,206.5,808.1,24613.8350724496,33930.3,83.6,99.4,23.8
Ciprus,2012,76.1,64.8,78.5,1.7,36.4,2557.9,31834.5182131095,10753.1,76.4,14.7,14.7
Ciprus,2013,72.6,62.2,79.1,1.7,37.5,2585.8,30375.09107743,11041.8,78,15.5,15.3
Ciprus,2014,71.6,63.9,77.5,1.7,36.5,2511.5,30080.2301574798,11508.6,77.7,17.6,14.4
Ciprus,2015,72.3,64,77.8,1.7,28.3,2088.1,31815.2740406778,12537,78.1,17.1,16.2
Ciprus,2016,73.8,64.1,78.8,1.7,28.2,2077.6,35719.1905721204,13352.6,80.2,14.8,16.1
Ciprus,2017,75.7,66.2,81,1.7,26.2,2131.5,38287.9691989983,14969.3,81.3,15.9,15.7
Ciprus,2018,79.3,68.9,81.5,1.7,28.4,2287.4,40513.6916170718,16225.4,83,17.2,15.4
Ciprus,2019,81.7,70.1,81.1,1.7,30.4,2215.4,42384.2408125411,17394.1,83.8,17.8,14.7
Ciprus,2020,81.1,69.1,82.1,1.7,31.7,2286.1,39452.8673523841,16382.2,84.1,17.4,14.3
Csehorszag,2012,80.2,62.5,94.8,1.6,589.9,1354.7,29254.7312685144,122991.2,90,252.3,9.6
Csehorszag,2013,81,63.8,94.8,1.6,556.5,1355.9,30818.1081558477,121283.9,90.8,244.3,8.6
Csehorszag,2014,82.2,64.7,95.2,1.6,587.3,1316.4,32502.4753540118,129341.3,91.2,243.8,9.7
Csehorszag,2015,83,66.4,95,1.6,559.3,1143.8,33899.2865661657,136594,91.3,245.3,9.7
Csehorszag,2016,84.6,68.6,95,1.6,546.9,1197.1,36097.7052556977,140366.4,91.8,263.3,9.7
Csehorszag,2017,86.3,70.5,95.2,1.6,561.1,1346,38824.8879170919,153417.7,92.4,260.3,9.1
Csehorszag,2018,87.4,72.2,95.1,1.6,567.8,1564,41135.4929835656,162328.3,92.6,254.6,9.6
Csehorszag,2019,87.7,72.7,94.8,1.6,556.6,1572,42847.0047376207,166682.7,92.7,253.8,10.1
Csehorszag,2020,87.2,71.9,94.8,1.6,550.6,1572.4,41603.9885681455,152808.9,93.3,251,9.5
Dania,2012,77.5,71.1,77.2,1.7,153.2,5726.5,44803.9682421214,139077.2,77.9,58.5,12
Dania,2013,77.5,71.2,77.3,1.8,147.5,5992.9,46726.8541437832,141865.6,78.4,60,11.9
Dania,2014,78.4,71,77.7,1.8,145.9,6142.4,47901.4473627066,145138.2,80.2,59.1,12.1
Dania,2015,79.3,71.5,78.4,1.7,147.3,5242.3,49045.3391904109,151301.4,81.1,60.3,12.2
Dania,2016,79.4,72.5,78.8,1.7,144.4,5251.9,51976.0057060956,151254.1,81.7,61.9,11.9
Dania,2017,79.9,73.2,79.1,1.7,140.1,5440.6,55356.680780178,162372.6,82.8,58.3,12.4
Dania,2018,80.9,73.9,78.8,1.7,138.8,5776,57482.9623999067,170996.5,83.3,56.5,12.7
Dania,2019,81.9,74.7,79.7,1.7,143.1,5530,58700.9746656312,183178.5,83.5,61.1,12.5
Dania,2020,81.3,74.3,79.6,1.7,143.6,5701.1,60229.9147703017,171513.9,83.5,62.7,12.1
Esztorszag,2012,75.2,71.1,87.3,1.6,36.4,1139.7,25996.0467779508,15445.6,92.5,13.6,17.5
Esztorszag,2013,76.8,71.6,87.7,1.6,36.7,1260,27464.5186781161,15992.5,93.4,15.9,18.6
Esztorszag,2014,78.4,71.9,84,1.6,37.4,1333.4,28945.4653303277,16412.6,92.2,15.5,21.8
Esztorszag,2015,80,73.7,84.3,1.6,37.1,1181.2,29175.9259267894,15976,91,18.8,21.6
Esztorszag,2016,80.5,73.7,84.8,1.6,37.6,1267.6,31312.7522996878,16747.5,92.2,19.3,21.7
Esztorszag,2017,81.7,76.8,84.2,1.6,41.8,1376.1,33821.93290847,18068.2,91.8,18.2,21
Esztorszag,2018,82.8,76.8,84.3,1.7,44.7,1546.3,36249.3581462877,19226.2,91.7,18.8,21.9
Esztorszag,2019,83.5,77.5,85.7,1.7,46.7,1575.1,37850.0741478592,20534.8,92.2,19.8,21.7
Esztorszag,2020,81.3,76.9,85.7,1.7,46,1650.2,37600.5920478364,19099.7,92.9,18.1,20.7
Finnorszag,2012,74.6,71.3,82.3,2,203.8,4147.9,40873.0953326066,78019,87.4,95,13.2
Finnorszag,2013,73.9,71,83.5,2.1,199.3,4347.5,41493.1416470359,77678,88.4,93,11.8
Finnorszag,2014,73.2,71.2,83.9,2,200.4,4399.8,41757.4021894413,75479,89.2,98.5,12.8
Finnorszag,2015,72.8,70.7,85.2,2,200.6,3724.3,42497.7049785783,74845,90.2,98.3,12.4
Finnorszag,2016,74,70.8,85.7,2,199.9,3754.6,44934.4482077785,75719,90.5,94.1,11.6
Finnorszag,2017,75.1,71.3,85.6,2,184.4,3843.6,47570.133583848,84975,91.2,93.8,11.5
Finnorszag,2018,77.2,73.4,86.6,2,187.2,4108.2,49580.6051952837,89810,91.8,97,12
Finnorszag,2019,77.8,74.5,87.7,2,189.4,3975.8,50321.5396907229,95657,92.5,103,11.6
Finnorszag,2020,77.1,73.8,88.7,2,189.7,4061.7,50506.2858973317,85104,93.5,97.4,12.2
Franciaorszag,2012,73.6,66,73.3,1.8,1909.6,3778.7,37679.1189105924,609994,71.6,824.2,14.1
Franciaorszag,2013,73.3,66.4,76,1.8,1860.8,3964.9,39523.8551519345,621707,74.1,836.4,13.7
Franciaorszag,2014,73.1,67,77.7,1.8,1920.1,3993.8,40144.0268283679,637764,75.7,913.1,13.3
Franciaorszag,2015,73.3,67.4,78.3,1.8,1895.4,3380.8,40849.9973780501,672558,76.9,921.9,13.6
Franciaorszag,2016,73.8,67.7,78.8,1.8,1928.9,3419.5,42924.613626021,675769,77.6,946.3,13.6
Franciaorszag,2017,74.7,68.1,79,1.8,1883,3561,44577.0645745394,710965,77.8,980.4,13.2
Franciaorszag,2018,75.3,68.9,79.7,1.8,1928.7,3792.7,46576.6018489382,749491,79,983.1,13.4
Franciaorszag,2019,75.3,69.4,80.4,1.8,1980.3,3649.1,49072.3638300842,770099,80.6,1038.3,13.6
Franciaorszag,2020,75,69.3,81.3,1.8,1975.2,3616.2,46983.0419157962,641891,81.7,1114.7,13.8
Gorogorszag,2012,64.7,44.6,64.1,1.6,777.9,2064.2,24911.119631324,54145.5,67.4,351.2,23.1
Gorogorszag,2013,62.4,42.9,65.7,1.6,752.6,1959.3,25986.6503155014,54338,68.7,341.6,23.1
Gorogorszag,2014,62.6,43.8,67,1.6,733.9,1903.2,26625.0618096799,57576.2,69.9,334.8,22.1
Gorogorszag,2015,64.2,45.6,68.6,1.6,722.2,1586.4,26760.3633030256,56662.3,72.1,338,21.4
Gorogorszag,2016,65.7,46.2,70.2,1.6,715.8,1531.9,27511.8010160972,54594.8,73.4,347.3,21.2
Gorogorszag,2017,67.6,47.4,71.7,1.6,735.1,1576.6,28604.8609402657,61976.5,74,346,20.2
Gorogorszag,2018,69.9,48.3,72.6,1.6,744.2,1667.5,29617.5483399732,70014.8,74.4,344.9,18.5
Gorogorszag,2019,71.2,50.5,77,1.6,726.9,1604.1,30356.2663953863,73542.3,76.6,340.1,17.9
Gorogorszag,2020,68.1,48.7,78.9,1.6,712.4,1623.8,27909.5444893558,52878,78.7,341.5,17.7
Hollandia,2012,82.8,72,74.6,1.8,746.5,4736.2,47272.1030187972,519130,72.1,385.1,10.1
Hollandia,2013,81.6,71.7,77.1,1.8,771.7,5012.9,49241.5178406305,527581,74.4,406.6,10.4
Hollandia,2014,81.7,70.8,77.1,1.8,782.3,5026.2,49233.2153954401,541129,74.7,415.9,11.6
Hollandia,2015,82.5,71.9,77.3,1.8,782.1,4257.7,50288.5913949377,570353,75.5,440.7,11.6
Hollandia,2016,83.2,72.7,77.8,1.8,804.7,4285.5,52288.4150841353,563377,76.4,450.8,12.7
Hollandia,2017,83.8,73.9,78.8,1.8,812.3,4393.3,55088.6338006744,615553,78,468.1,13.2
Hollandia,2018,84.8,75.2,79.3,1.8,826.4,4654.3,57826.6284976675,655439,78.7,472.9,13.3
Hollandia,2019,85.4,76.5,79.7,1.8,836.2,4509.7,59004.3249664016,671077,79.4,482.5,13.2
Hollandia,2020,85,76.6,81.1,1.8,853.7,4764.8,59268.1352982384,622927,80.9,499.8,13.4
Horvatorszag,2012,63.7,52.6,84.3,1.8,154.1,2064.2,21397.4867786553,17372.4,76.7,89.5,20.4
Horvatorszag,2013,61.6,52.8,84.6,1.8,145.8,1959.3,22081.0977857438,17667.9,78.1,82.6,19.5
Horvatorszag,2014,64.2,54.2,85.8,1.7,139.3,1903.2,22325.0765880566,18788.5,79.5,67.5,19.4
Horvatorszag,2015,65.4,55.9,86.3,1.7,136.8,1586.4,23301.2728639377,20690.4,79.9,64.1,20
Horvatorszag,2016,66.2,56.6,85.3,1.7,126.3,1531.9,25210.9829651517,22204.6,80.1,58.2,19.5
Horvatorszag,2017,68.9,58.3,85.9,1.7,109.1,1576.6,27154.0846858541,24571.9,81.6,58.1,20
Horvatorszag,2018,70.3,60.1,87,1.8,106.4,1667.5,28844.9235406393,26086.4,83.3,58.7,19.3
Horvatorszag,2019,72,61.5,88.1,1.8,118.1,1604.1,30576.6192715516,28201.1,83.5,54.4,18.3
Horvatorszag,2020,72.5,61.3,88.6,1.8,125.5,1623.8,28841.7140738027,21092.1,84.6,53.6,18.3
Irorszag,2012,68.8,60.2,72,1.9,210.6,4741.3,46361.463694173,183012.7,77.8,57.8,16.3
Irorszag,2013,71.8,61.2,74.2,1.9,217.2,4824,47830.6308878373,186244.3,79.9,62.4,15.7
Irorszag,2014,74.1,62.3,77.3,2,221,4838.1,51098.2666828245,214349.7,83.2,62.1,16.8
Irorszag,2015,76.1,63.7,78.3,2,219.9,4082.6,69028.7727189836,320564.9,83.8,64.6,16.2
Irorszag,2016,77.5,65.3,78.3,2,220.2,4147.4,71498.6010072841,328235.4,84.4,67.8,16.8
Irorszag,2017,79.1,66.9,79.4,1.9,216.3,4320,77749.2019569363,359654.9,85.5,67.2,15.6
Irorszag,2018,80.2,67.9,80.2,2,212.9,4644.6,84555.6348017403,401001.3,86.1,68.7,14.9
Irorszag,2019,81.3,68.8,81,1.9,209.5,4593.7,87379.6929656668,456096.7,86.2,69,13.1
Irorszag,2020,78.5,65.8,82.9,1.9,196.9,4681.6,93180.9453964352,488877.4,88,73.7,13.9
Lengyelorszag,2012,69.7,56.2,89.7,1.6,1882.7,1112.5,23745.6977950948,171672.3,89.5,944.9,17.1
Lengyelorszag,2013,70,56.3,90.2,1.6,1859.1,1163.5,24567.5061660535,180473.1,90.1,914,17.3
Lengyelorszag,2014,71.8,58.2,90.4,1.6,1880,1189.4,25475.5046935927,193113.3,90.6,905.4,17
Lengyelorszag,2015,72.9,59.9,90.6,1.6,1897.8,1010.3,26862.0525150288,211321,91,933.9,17.6
Lengyelorszag,2016,74.9,61.5,91.1,1.6,1899.4,1009.6,28322.1069770901,221766.8,91.5,908.1,17.3
Lengyelorszag,2017,77,63,92,1.6,1922.3,1121.3,30064.5034841771,253163,92.2,866.8,15
Lengyelorszag,2018,78.3,64.5,92.1,1.7,1907.7,1273.5,31953.0350337072,275015.4,92.7,898.3,14.8
Lengyelorszag,2019,79.7,64.9,92.2,1.7,1915.6,1297.3,33797.7673600747,295592.2,93,886,15.4
Lengyelorszag,2020,80.2,65.2,92.9,1.7,1996.4,1342.8,34240.2473551909,294219.2,93.6,881,14.8
Lettorszag,2012,69.8,66.2,85.6,1.5,52.4,880.2,21290.4595879,13577.5,92.2,34.7,19.2
Lettorszag,2013,71.7,67.5,85.9,1.5,53.5,950.7,22639.0683375842,13764.8,92.5,36.9,19.4
Lettorszag,2014,72.9,68.4,86,1.5,55.7,1014.9,23815.8000623115,14443.6,92.7,34.5,21.2
Lettorszag,2015,74.6,70.5,86.9,1.5,63.1,907.2,24972.7860869932,14805.2,93.2,37.1,22.5
Lettorszag,2016,74.5,71.7,88.2,1.5,62.5,950.2,26721.7261996962,15115.6,93,39.2,21.8
Lettorszag,2017,76.9,72.6,87.5,1.5,59.6,1043.6,28673.5633962664,16615.3,93,42.4,22.1
Lettorszag,2018,79,74.7,87.8,1.5,55.8,1185.1,30877.0419264807,17923,93.3,40,23.3
Lettorszag,2019,79.2,75.5,88.6,1.6,54.9,1204.5,31883.2591148032,18338.4,93.5,40.3,22.9
Lettorszag,2020,78.8,75.1,88.8,1.6,58.9,1302.6,31464.484293229,17803.2,94.3,44.8,21.6
Litvania,2012,69.1,67.9,92,1.5,72.4,785.3,24703.6858202502,26135.6,94.5,46.8,18.6
Litvania,2013,71.2,68.6,92.1,1.5,80.4,855.5,26721.5796712844,27565.1,94.7,52.1,20.6
Litvania,2014,73.1,70.6,91.7,1.5,79.4,896.5,28184.4723303858,26437.5,94.7,56.6,19.1
Litvania,2015,74.6,72.2,91.8,1.5,85.1,791.3,28834.4276801135,25685.5,95.1,55.6,22.2
Litvania,2016,76.2,74.3,93.2,1.5,92.2,855.7,30925.1708493589,26284.6,96,54.7,21.9
Litvania,2017,76.5,75.5,93.2,1.6,87.3,947.2,33761.871239796,31113.3,96.3,54.1,22.9
Litvania,2018,79,76.7,93.3,1.6,87.5,1090.8,36376.1898152469,34229.9,96.2,55.3,22.9
Litvania,2019,79,77.4,93.5,1.5,93,1451.2,38540.7814542339,37775.9,96.3,51.6,20.6
Litvania,2020,77.5,75.8,93.8,1.5,93.6,1628.2,38883.1190343211,36388.5,96.9,49.9,20.9
Luxemburg,2012,78.5,64.1,80.2,1.8,11.4,6061.9,96636.426643956,79658.4,76.3,7.3,15.1
Luxemburg,2013,78,63.9,81.6,1.8,11.1,6430.3,100925.011992241,86594.5,79.3,7.4,15.9
Luxemburg,2014,78.4,65.5,84.1,1.8,12,6694,105296.284588232,94665.5,79.8,7,16.4
Luxemburg,2015,76.7,65,76.4,1.7,13,5675.6,107859.685999308,103864.1,75.6,8.3,15.3
Luxemburg,2016,76.1,65.1,79.5,1.7,14.6,5690.6,113365.176082265,107412.9,77.3,8.7,15.8
Luxemburg,2017,75.4,67.5,77.2,1.7,13.9,5992.9,114985.842235989,112118.9,75.6,9.8,16.4
Luxemburg,2018,76,68,78.7,1.7,12.4,6416.5,116965.586110774,118563.3,78.4,8.2,16.7
Luxemburg,2019,77.2,68.1,79.7,1.7,12.8,6146.4,117341.915064354,128845.8,78.9,8.1,17.5
Luxemburg,2020,75.6,68.5,78.6,1.7,13.7,6228.8,117500.207221609,131454.7,78.4,8.3,17.4
Magyarorszag,2012,67.3,60.4,84.5,1.6,278.1,1080.3,46361.463694173,183012.7,79.6,140.5,14.3
Magyarorszag,2013,69.3,61.2,84.9,1.7,276,1094.8,47830.6308878373,186244.3,80.2,132.4,15
Magyarorszag,2014,73.5,64.1,85.1,1.7,286.8,1052.1,51098.2666828245,214349.7,81.1,133.4,15
Magyarorszag,2015,75.8,66.2,84.9,1.7,284.8,887.8,69028.7727189836,320564.9,81.6,141.2,14.9
Magyarorszag,2016,78.6,68.9,85.2,1.7,283.7,897.8,71498.6010072841,328235.4,81.6,148.2,14.5
Magyarorszag,2017,81,69.9,86,1.6,273.6,1020.6,77749.2019569363,359654.9,82.1,148.3,13.4
Magyarorszag,2018,82.1,71.4,86.4,1.6,280.4,1124.5,84555.6348017403,401001.3,83.3,148.5,12.8
Magyarorszag,2019,83.1,72.1,86.3,1.6,297.3,1126.2,87379.6929656668,456096.7,83.6,149.7,12.3
Magyarorszag,2020,83.1,71.9,86.9,1.6,322.5,1138.9,93180.9453964352,488877.4,84.2,169.1,12.3
Malta,2012,79.4,48,40.1,1.6,18,4959.32,30243.8413140141,12012.9,36.8,3.9,15.1
Malta,2013,80.3,51.7,42.3,1.6,19.2,4959.32,32295.8473400221,12391,40.5,4.2,15.8
Malta,2014,81.1,54.3,44.8,1.6,19.1,4959.32,34344.0217879777,13110.2,44.3,4.9,15.8
Malta,2015,82.1,55.3,46.4,1.6,20.5,4959.32,37455.20487447,15456.7,47.2,5.3,16.6
Malta,2016,83.5,58,48.7,1.6,23,4959.32,39887.0994858593,16634,50.2,4.8,16.5
Malta,2017,84.7,60.6,51.8,1.6,24.1,4959.32,42644.0804444448,18477.3,52.1,7.1,16.7
Malta,2018,86,64.1,55,1.6,24.4,4959.32,44218.9956719403,18812.7,55,7.6,16.8
Malta,2019,86.5,65.8,57.9,1.6,28,4959.32,45937.7001684606,20512.8,57.7,9.2,17.1
Malta,2021,86.4,67.8,60.4,1.6,29.6,4959.32,41740.7703938873,19489.9,60.4,9.8,16.9
Nemetorszag,2012,81,70.7,88.9,1.6,2708.7,3793.6,43359.6148271723,1271274,84.4,1287.9,16.1
Nemetorszag,2013,81,71.5,88.7,1.6,2615.9,4013.3,44993.8927459315,1276878,84.6,1270.6,16.1
Nemetorszag,2014,81.2,72.1,88.7,1.6,2555.8,4115.8,47011.5510935131,1335472,85.1,1262.8,16.7
Nemetorszag,2015,81.2,72.6,88.5,1.6,2524.5,3540.6,47609.7810045816,1419906,85.1,1244.6,16.7
Nemetorszag,2016,81.6,73.5,87.9,1.6,2476,3606.8,50579.6839299266,1444277,85.1,1253,16.5
Nemetorszag,2017,82,74.2,87.6,1.6,2420.4,3770,53071.4555699913,1540892,85.3,1245.5,16.1
Nemetorszag,2018,82.8,74.8,87.6,1.6,2346.3,4064.6,55235.366304833,1593033,85.6,1205.1,16
Nemetorszag,2019,83.5,75.5,87.6,1.7,2321.9,3966.9,55652.8874913932,1619423,85.7,1180,18.9
Nemetorszag,2020,81.8,74.3,86.3,1.6,2052.1,4045,54792.0644751381,1462090,85.2,1066.5,18.5
Olaszorszag,2012,70.6,50.1,55.6,1.5,3503.9,2997.1,36486.2967870302,460980.7,58.8,1468.6,19.5
Olaszorszag,2013,68.8,49.6,56.6,1.5,3422.3,3141.3,36314.6971007775,461783,59.7,1442,19.3
Olaszorszag,2014,69,50.1,57.6,1.5,3359.1,3158.8,36194.873918843,473718.7,61,1469.3,19.4
Olaszorszag,2015,70.2,50.5,58,1.5,3334.7,2668,36899.3852092464,491905,61.8,1467.7,19.9
Olaszorszag,2016,71.5,51.6,58.1,1.5,3284.2,2684.8,39926.9546628592,497338.5,62.2,1480.5,20.6
Olaszorszag,2017,72.2,52.5,58.8,1.5,3253.5,2746.9,41581.120790548,533719.8,63,1414.3,20.3
Olaszorszag,2018,72.9,53.2,59.7,1.5,3220.8,2908.1,43036.2437770367,555394.1,63.8,1422.2,20.3
Olaszorszag,2019,73.3,53.9,59.8,1.5,3173.9,2782.6,44334.2003275855,567784.4,64.5,1439.2,20.1
Olaszorszag,2020,71.8,52.1,60.5,1.5,3113.2,2658.8,41828.5540397184,489342.1,65.1,1370.4,20.1
Portugalia,2012,67.5,60.8,33.6,1.5,442.7,1734.3,26438.0163019973,63578.7,40.7,278.3,17.9
Portugalia,2013,66.6,60.5,35.5,1.5,431,1840.7,27936.0396644563,67526,43.8,277.3,18.7
Portugalia,2014,69.5,62.9,38.8,1.4,416.2,1811.8,28742.4403783509,69595.2,47.5,243.7,19.5
Portugalia,2015,71.2,64.8,41.4,1.4,388.4,1523.4,29660.8960672526,72990.7,48.6,235.2,19.5
Portugalia,2016,72.9,66.4,43,1.4,377.6,1525.5,31607.7542431733,74989.1,50.5,229.9,19
Portugalia,2017,76.2,69,43.3,1.5,379.8,1585.8,33044.7167387479,83717,52.2,225.5,18.3
Portugalia,2018,78.1,71.5,44.8,1.5,377.5,1714.7,34928.5435337746,89143.7,54.4,225.2,17.3
Portugalia,2019,79.1,72.2,47.7,1.4,389,1684.7,36172.0725393171,93271,56.3,242.4,17.2
Portugalia,2020,77.1,71.4,51.7,1.5,369.7,1757.8,34148.9529253925,74096.9,58.8,239.6,16.2
Romania,2012,65.4,48.2,79.3,1.6,1124.5,614.9,18869.5689682481,49808.9,71.5,422,22.9
Romania,2013,65.4,48.2,79.3,1.6,1114.8,673.3,19781.9257079992,57525.1,72.1,413.7,23
Romania,2014,66.7,49.2,75.5,1.6,1105.2,704.6,20657.6732894791,62434.4,70,410,25.1
Romania,2015,68,50.3,77.6,1.6,1049,638.6,21605.8356153117,66278.2,72.4,391.9,25.4
Romania,2016,69.1,51.4,78.9,1.6,978.4,711,24271.4700174562,71046.1,74.5,354.8,25.3
Romania,2017,71.3,54,79.7,1.6,991,817.8,27141.9009335846,78910.7,76.1,364.7,23.6
Romania,2018,73,54.5,80.1,1.6,940.3,903.25,29309.2062729793,85605.9,76.8,348.4,23.5
Romania,2019,74.6,55.4,80.5,1.6,936.5,1120.49,31901.4259622325,90120.2,77.5,335.1,23.8
Romania,2020,74.7,55.4,81.9,1.6,918.3,1178.22,32116.4809530635,81307.9,78.9,325.2,23.4
Spanyolorszag,2012,64.6,54.6,52.9,1.6,1925.3,2814,31720.1199986535,324335,56.4,920.5,20.8
Spanyolorszag,2013,63.4,53.8,53.4,1.5,1937.4,2935.9,32434.0032017704,336333,57.5,930.6,20.4
Spanyolorszag,2014,65,54.8,54.8,1.6,1934.3,2928.3,33525.7406299089,345593,58.4,934.7,22.2
Spanyolorszag,2015,67.6,56.4,55.3,1.6,1949.2,2482.2,34903.1274779473,362356,59.6,952.1,22.1
Spanyolorszag,2016,69.6,58.1,55.7,1.6,1944.7,2465.7,37286.2134326488,377370,60.9,981.2,22.3
Spanyolorszag,2017,71.5,59.6,56.5,1.6,1958.4,2517.5,39528.9253872668,408390,61.7,962,21.6
Spanyolorszag,2018,73.1,61,57.2,1.6,1939.4,2655.8,40696.3876815487,423097,63,967.4,21.5
Spanyolorszag,2019,74,62.1,58.3,1.6,1926.1,2545.2,41696.3111045261,434967,64.3,986.1,20.7
Spanyolorszag,2020,71.4,60,59.8,1.6,1905,2520.2,37765.8013368995,343551,65.9,987.1,21
Svedorszag,2012,81.6,76.1,81.9,1.7,300.1,4540.1,45432.4319692761,193635.1,82.9,113.7,15.2
Svedorszag,2013,81.9,76.4,82.5,1.8,304.3,4807,46312.3923824667,187905,83.9,120,16
Svedorszag,2014,81.8,76.9,82.8,1.8,295.6,4664.9,47184.6691338182,189866.6,84.7,118.9,15.6
Svedorszag,2015,82.2,77.6,83.2,1.8,291.6,3889.6,49103.1334338706,199355.3,85.5,120.6,16.3
Svedorszag,2016,82.7,78.4,84.3,1.8,288.8,3926.2,50430.2528196052,199056.1,85.8,120.2,16.2
Svedorszag,2017,83.4,79,84.5,1.8,295.6,4025.7,51947.9542478244,209937.8,86.2,118.2,15.8
Svedorszag,2018,84.1,79.4,84.5,1.8,303.6,4077.5,53521.6306428288,215017.9,86.9,116.5,16.4
Svedorszag,2019,84,78.9,84.7,1.8,313.1,3862.4,54598.7803541484,227987.6,87.6,116.3,17.1
Svedorszag,2020,82.8,77.4,85.4,1.8,300.6,4063.5,55037.7239019555,212050.3,87.6,114.1,16.1
Szlovakia,2012,72.4,61.5,93.5,1.6,255.4,1225.9,29042.8202729641,26425.6,90,99.2,13.2
Szlovakia,2013,71.8,62,93.6,1.6,258.1,1293.1,29973.6993541529,27055.1,90.1,99.3,12.8
Szlovakia,2014,72.7,62.9,92.3,1.7,256.2,1316.2,30870.0236667425,28659.2,89.6,101.5,12.6
Szlovakia,2015,74.5,64.6,92.8,1.7,251,1142.9,31628.247175832,29974.3,90,106.4,12.3
Szlovakia,2016,76.4,67.2,93.1,1.6,260.7,1172.9,33936.0440637175,31383.2,90.6,114.7,12.7
Szlovakia,2017,77,69.4,92.7,1.7,259.1,1246.9,36507.5530416531,35753.4,90.2,115.6,12.4
Szlovakia,2018,78.8,70.3,92.6,1.7,260.3,1374.4,38961.5443523867,38899.9,90.7,108.7,12.2
Szlovakia,2019,79.4,71.7,92.1,1.7,265.7,1383,40670.8778673103,40635.6,90.6,111,11.9
Szlovakia,2020,78.2,70.9,93.3,1.6,260.2,1450.6,39768.6327915153,36541.2,92,106.1,11.4
Szlovenia,2012,71.1,64.2,86.2,1.6,74.6,2306.9,29042.8202729641,26425.6,83.7,30.3,13.5
Szlovenia,2013,70.6,62.6,86.2,1.6,73.9,2398.3,29973.6993541529,27055.1,84.7,28.9,14.5
Szlovenia,2014,71,63.2,87.1,1.6,77,2432.8,30870.0236667425,28659.2,84.2,31.2,14.5
Szlovenia,2015,72.7,64.2,88,1.6,77.4,2064,31628.247175832,29974.3,85.5,32.1,14.3
Szlovenia,2016,72.7,66.2,88.6,1.7,72.9,2130.2,33936.0440637175,31383.2,86,31.1,13.9
Szlovenia,2017,76.2,69.3,88.9,1.6,72.2,2243.5,36507.5530416531,35753.4,86.9,35.3,13.3
Szlovenia,2018,78.3,71.2,88.8,1.6,79.6,2437.8,38961.5443523867,38899.9,87.4,36.7,13.3
Szlovenia,2019,79,72.5,89.3,1.7,79.5,2411.6,40670.8778673103,40635.6,88.3,34.9,12
Szlovenia,2020,77.6,71.7,91.1,1.7,70,2494.7,39768.6327915153,36541.2,89.4,33.6,12.4
